,urls,face_coords,age_cluster
4012,../data/imdb_crop/00/nm0000100_rm1001569280_1955-1-6_2011.jpg,[547.33361035  79.47623005 896.72664558 428.86926528],3
28610,../data/imdb_crop/00/nm0000200_rm2120191744_1955-5-17_2010.jpg,[214.07789842  48.77991255 275.49664313 110.19865725],3
135422,../data/imdb_crop/00/nm0002100_rm985837568_1975-6-18_2011.jpg,[ 303.17238157  453.73457236  978.65424011 1129.2164309 ],2
185827,../data/imdb_crop/01/nm1107001_rm3321071360_1978-9-23_2010.jpg,[ 85.38616999  85.38616999 237.25567597 237.25567597],2
224698,../data/imdb_crop/00/nm4415900_rm2517889024_1993-9-9_2015.jpg,[1417.76028854  710.51214427 1993.15386112 1285.90571685],1
350199,../data/imdb_crop/01/nm4652001_rm4133345280_2002-7-23_2013.jpg,[1427.456  460.8   1572.864  606.208],0
369045,../data/imdb_crop/01/nm0365501_rm2791093760_1982-4-6_2011.jpg,[433.95876134  69.77048476 521.67509889 157.48682231],2
455183,../data/imdb_crop/01/nm2692301_rm3067461376_1984-2-28_2011.jpg,[115.87385706  85.21256184 183.9677713  153.30647608],2
